<?xml version="1.0" encoding="UTF-8" standalone="yes"?>
<addon id="script.skinhelper.ping" name="Skinhelper PING" version="1.0.0" provider-name="_Andy_">
    <requires>
        <import addon="xbmc.python" version="2.20.0" />
        <import addon="script.module.pyxbmct" version="1.1.4" />		
    </requires>
    <extension point="xbmc.python.script" library="default.py" />
    <extension point="xbmc.addon.metadata">
        <summary lang="en">Skinhelper addon that shows alive servers</summary>
        <summary lang="de">Zeigt den Status Deiner Server im Netzwerk an</summary>
        <description lang="en">Skinhelper addon that pings a list of servers and visualize their state. A skin integration is required. Therefore, properties are stored into the skin. Find more about this in the readme.</description>
        <description lang="de">Dieses Addon pingt Server in Deinem Netzwerk an und visualisiert den Status dieser Server. Zur Anzeige sind Änderungen am Skin erforderlich. Dazu werden Properties im Skin gesetzt. Weitere Hinweise findest Du in der Readme dieses Addons.</description>
        <platform>all</platform>
        <license>GNU GENERAL PUBLIC LICENSE. Version 3, June 2007</license>
        <source></source>
        <forum></forum>
        <email></email>
        <assets>
            <icon>icon.png</icon>
            <fanart>fanart.jpg</fanart>
        </assets>
    </extension>
</addon>