<?xml version="1.0" encoding="utf-8" standalone="yes"?>
<addon id="context.kodinerds.thumpup" name="Empfehlungen für Kodinerds" version="0.7.0" provider-name="L0RE">
	<requires>
		<import addon="xbmc.python" version="2.24.0"/>
		<import addon="script.module.beautifulsoup4" version="4.3.2"/>
		<import addon="script.module.requests" version="2.12.4"/>
		<import addon="script.module.youtube.dl" version="14.810.0"/>
	</requires>
	<extension point="kodi.context.item" library="addon.py">
		<item>
			<label>Kodinerds Empfehlen</label>
			<visible>Window.IsActive(10025)+!Container.Content(Addons)+!Container.Content(images)+!Container.Content(movies)+!Container.Content(songs)</visible>
		</item>
	</extension>
	<extension point="xbmc.python.pluginsource" library="default.py">
		<provides>video</provides>
	</extension>
	<extension point="xbmc.addon.metadata">
		<summary lang="de">Empfiehlt eine Serie für https://www.kodinerds.net/index.php/Thread/58034-L0RE-s-Test-thread/</summary>
		<summary lang="en">Empfiehlt eine Serie für https://www.kodinerds.net/index.php/Thread/58034-L0RE-s-Test-thread/</summary>
		<description lang="de">[COLOR red]- Dieses Projekt wird wegen zu geringer Nachfrage aufgelöst.[CR]- Updates für dieses Addon eingestellt ![/COLOR]</description>
		<description lang="en">[COLOR red]- This project is canceled due to insufficient demand.[CR]- Updates for this addon discontinued ![/COLOR]</description>
		<disclaimer lang="de">Die von diesem Addon dargestellten Inhalte werden von den Erstellern des Addons weder gehostet oder verbreitet, noch stehen die Ersteller in irgendeiner Beziehung zu den Anbietern des Inhalts.</disclaimer>
		<disclaimer lang="en">The author does not host or distribute any of the content displayed by this addon. The author does not have any affiliation with the content providers.</disclaimer>
		<language></language>
		<platform>all</platform>
		<license>GNU GENERAL PUBLIC LICENSE. Version 2, June 1991</license>
		<forum>https://www.kodinerds.net/index.php/Thread/55451-L0REs-Blog/</forum>
		<website></website>
		<email></email>
		<source>https://github.com/kodinerds/repo/tree/master/context.kodinerds.thumpup</source>
		<assets>
			<icon>icon.png</icon>
		</assets>
		<broken>
- Dieses Projekt wird wegen zu geringer Nachfrage aufgelöst.[CR]- Updates für dieses Addon eingestellt !
		</broken>
		<news>[B][COLOR orangered]Version 0.7.0 (16.03.2020)[/COLOR][/B] by realvito[CR]
- Dieses Projekt wird wegen zu geringer Nachfrage aufgelöst.[CR]- Updates für dieses Addon eingestellt !
		</news>
	</extension>
</addon>
