<?xml version="1.0" encoding="UTF-8" standalone="yes"?>
<addon id="script.module.jwt" name="PyJWT" version="1.6.4" provider-name="jpadilla">
  <requires>
    <import addon="xbmc.python" version="2.25.0"/>
  </requires>
  <extension point="xbmc.python.module" library="lib"/>
  <extension point="xbmc.addon.metadata">
    <summary lang="en">JSON Web Token implementation in Python</summary>
    <website>https://pyjwt.readthedocs.io/</website>
    <license>MIT</license>
    <platform>all</platform>
    <source>https://github.com/jpadilla/pyjwt</source>
  </extension>
</addon>
