<?xml version="1.0" encoding="UTF-8" standalone="yes"?>
<addon id="context.L0RE.showseries" name="Zur Series" version="0.1.1" provider-name="L0RE">
    <requires>
        <import addon="xbmc.python" version="2.20.0" />
    </requires>
    <extension point="kodi.context.item" library="addon.py">
        <item>
            <label>Zur Serie</label>
            <visible>Window.IsActive(10025)</visible>            
        </item>
    </extension>
    <extension point="xbmc.python.pluginsource" library="addon.py">
        <provides>video</provides>
    </extension>
    <extension point="xbmc.addon.metadata">
        <summary lang="en">Content Menu Show Series</summary>
        <description lang="en">Content Menu Show Series</description>
        <platform>all</platform>
        <language>en</language>
        <license>GNU General Public License, v2</license>
        <email></email>
    </extension>
</addon>
