<?xml version="1.0" encoding="UTF-8" standalone="yes"?>
<addon id="context.serieninfos" name="Serien Infos" version="0.4.3" provider-name="L0RE">
    <requires>
        <import addon="xbmc.python" version="2.20.0" />
        <import addon="script.module.pyxbmct" version="1.1.7"/>        
        <import addon="script.common.plugin.cache" version="2.5.5"/> # Add this 
        <import addon="script.module.requests" version="2.12.4"/>        
    </requires>
    <extension point="kodi.context.item" library="addon.py">
        <item>
            <label>Serien Infos</label>
            <visible>Window.IsActive(10025)+!Container.Content(Addons)+!Container.Content(images)+!Container.Content(movies)+!Container.Content(songs)</visible>            
        </item>
    </extension>
    <extension point="xbmc.python.pluginsource" library="addon.py">
        <provides>video</provides>
    </extension>
    <extension point="xbmc.addon.metadata">
        <summary lang="en">Display Series Info Last Episod and Season</summary>
        <description lang="en">Display Series Info Last Episod and Season</description>
        <platform>all</platform>
        <language>en</language>
        <license>GNU General Public License, v2</license>
        <email></email>
    </extension>
</addon>
