<?xml version="1.0" encoding="UTF-8"?>
<includes>
        <include name="HomeRecentlyAddedTVHighlightsTodayInfo">
                        <control type="group" id="5777">
                                <left>160</left>
                                <top>50</top>
                                <visible>Container(9000).Hasfocus(12) + !Skin.HasSetting(HomepageHideRecentlyAddedVideo)</visible>
                                <include>VisibleFadeEffect</include>
                                <control type="label">
                                        <description>Title label</description>
                                        <left>240</left>
                                        <top>310</top>
                                        <height>20</height>
                                        <width>480</width>
                                        <label>$ADDON[plugin.program.serienplaner  30104]</label>
                                        <align>center</align>
                                        <aligny>center</aligny>
                                        <font>font12_title</font>
                                        <textcolor>white</textcolor>
                                        <shadowcolor>black</shadowcolor>
                                </control>
                                <control type="list" id="58051">
                                        <animation effect="slide" start="0,0" end="120,0" time="0" condition="StringCompare(Container(58051).NumItems,3)">conditional</animation>
                                        <animation effect="slide" start="0,0" end="240,0" time="0" condition="StringCompare(Container(58051).NumItems,2)">conditional</animation>
                                        <animation effect="slide" start="0,0" end="360,0" time="0" condition="StringCompare(Container(58051).NumItems,1)">conditional</animation>
                                        <left>0</left>
                                        <top>0</top>
                                        <width>960</width>
                                        <height>330</height>
                                        <onleft>58051</onleft>
                                        <onright>58051</onright>
                                        <onup>20</onup>
                                        <ondown condition="System.HasAddon(script.globalsearch)">608</ondown>
                                        <ondown condition="!System.HasAddon(script.globalsearch)">603</ondown>
                                        <viewtype label="535">list</viewtype>
                                        <pagecontrol>-</pagecontrol>
                                        <scrolltime>200</scrolltime>
                                        <orientation>Horizontal</orientation>
                                        <itemlayout height="220" width="240">
                                                <control type="image">
                                                        <description>background</description>
                                                        <left>0</left>
                                                        <top>0</top>
                                                        <width>240</width>
                                                        <height>310</height>
                                                        <texture border="15">RecentAddedBack.png</texture>
                                                </control>
<!--
                                                <control type="image">
                                                        <description>background2</description>

                                                        <left>20</left>
                                                        <top>195</top>
                                                        <width>80</width>
                                                        <height>40</height>

                                                        <texture border="15">RecentAddedBackWhite.png</texture>
                                                </control>
-->
                                                <control type="image">
                                                        <left>10</left>
                                                        <top>10</top>
                                                        <width>220</width>
                                                        <height>155</height>
                                                        <aspectratio>scale</aspectratio>
                                                        <texture background="true">$INFO[ListItem.Thumb]</texture>
                                                        <bordertexture border="5">button-nofocus.png</bordertexture>
                                                        <bordersize>5</bordersize>
                                                </control>



                                                <control type="image">
                                                        <left>20</left>
                                                        <top>175</top>
                                                        <width>80</width>
                                                        <height>80</height>
                                                        <aspectratio>keep</aspectratio>
                                                        <align>left</align>
                                                        <aligny>top</aligny>

                                                        <texture background="false">$INFO[ListItem.Property(Senderlogo)]</texture>
                                                        <bordersize>5</bordersize>
                                                </control>



                                                <control type="label" id="starttime">
                                                        <left>120</left>
                                                        <top>195</top>
                                                        <width>100</width>
                                                        <height>20</height>
                                                        <font>font10</font>
                                                        <textcolor>grey2</textcolor>
                                                        <shadowcolor>black</shadowcolor>
                                                        <selectedcolor>selected</selectedcolor>
                                                        <align>right</align>
                                                        <aligny>top</aligny>
                                                        <label>$INFO[ListItem.Property(Starttime)]Uhr</label>
                                                </control>
                                                <control type="label" id="movietitle">
                                                        <left>20</left>
                                                        <top>168</top>
                                                        <width>200</width>
                                                        <height>20</height>
                                                        <font>font12</font>
                                                        <textcolor>white</textcolor>
                                                        <shadowcolor>black</shadowcolor>
                                                        <selectedcolor>selected</selectedcolor>
                                                        <align>center</align>
                                                        <aligny>center</aligny>
                                                        <label>$INFO[ListItem.Label2]</label>
                                                </control>
                                                <control type="label" id="moviecomment">
                                                        <left>20</left>
                                                        <top>270</top>
                                                        <width>200</width>
                                                        <height>20</height>
                                                        <font>font12</font>
                                                        <textcolor>grey2</textcolor>
                                                        <shadowcolor>black</shadowcolor>
                                                        <selectedcolor>selected</selectedcolor>
                                                        <align>left</align>
                                                        <aligny>top</aligny>
                                                        <label>$INFO[ListItem.Season]x$INFO[ListItem.Episode] $INFO[ListItem.Label]</label>
                                                </control>

                                                <control type="label" id="moviegenre">
                                                        <left>120</left>
                                                        <top>215</top>
                                                        <width>100</width>
                                                        <height>20</height>
                                                        <font>font10</font>
                                                        <textcolor>grey2</textcolor>
                                                        <shadowcolor>black</shadowcolor>
                                                        <selectedcolor>selected</selectedcolor>
                                                        <align>right</align>
                                                        <aligny>top</aligny>
                                                        <label>$INFO[ListItem.Property(channel)]</label>
                                                </control>

                                                <control type="label" id="extrainfos">
                                                        <left>20</left>
                                                        <top>245</top>
                                                        <width>200</width>
                                                        <height>20</height>
                                                        <font>font10</font>
                                                        <textcolor>grey2</textcolor>
                                                        <shadowcolor>black</shadowcolor>
                                                        <selectedcolor>selected</selectedcolor>
                                                        <align>center</align>
                                                        <aligny>top</aligny>
                                                        <label>$INFO[ListItem.Genre]</label>
                                                </control>



                                        </itemlayout>
                                        <focusedlayout height="220" width="240">
                                                <control type="image">
                                                        <description>background</description>
                                                        <left>0</left>
                                                        <top>0</top>
                                                        <width>240</width>
                                                        <height>310</height>
                                                        <texture border="15">RecentAddedBack.png</texture>
                                                </control>
                                                <control type="image">
                                                        <left>10</left>
                                                        <top>10</top>
                                                        <width>220</width>
                                                        <height>155</height>
                                                        <aspectratio>scale</aspectratio>
                                                        <texture background="true">$INFO[ListItem.Icon]</texture>
                                                        <bordertexture border="5">folder-focus.png</bordertexture>
                                                        <bordersize>5</bordersize>
                                                        <visible>Control.HasFocus(58051)</visible>
                                                </control>
                                                <control type="image">
                                                        <left>10</left>
                                                        <top>10</top>
                                                        <width>220</width>
                                                        <height>155</height>
                                                        <aspectratio>scale</aspectratio>
                                                        <texture>$INFO[ListItem.Icon]</texture>
                                                        <bordertexture border="5">button-nofocus.png</bordertexture>
                                                        <bordersize>5</bordersize>
                                                        <visible>!Control.HasFocus(58051)</visible>
                                                </control>
<!--
                                                <control type="image">
                                                        <description>background2</description>
                                                        <left>20</left>
                                                        <top>195</top>
                                                        <width>80</width>
                                                        <height>40</height>
                                                        <texture border="15">RecentAddedBackWhite.png</texture>
                                                </control>
-->

                                                <control type="image">
                                                        <left>20</left>
                                                        <top>175</top>
                                                        <width>80</width>
                                                        <height>80</height>
                                                        <aspectratio>keep</aspectratio>
                                                        <texture background="false">$INFO[ListItem.Property(Senderlogo)]</texture>
                                                        <bordersize>0</bordersize>
                                                </control>



                                                <control type="label">
                                                        <left>120</left>
                                                        <top>195</top>
                                                        <width>100</width>
                                                        <height>20</height>
                                                        <font>font10</font>
                                                        <textcolor>grey2</textcolor>
                                                        <shadowcolor>black</shadowcolor>
                                                        <selectedcolor>selected</selectedcolor>
                                                        <align>right</align>
                                                        <aligny>top</aligny>
                                                        <label>$INFO[ListItem.Property(Starttime)]Uhr</label>
                                                </control>
                                                <control type="label">
                                                        <left>20</left>
                                                        <top>168</top>
                                                        <width>200</width>
                                                        <height>20</height>
                                                        <font>font12</font>
                                                        <textcolor>white</textcolor>
                                                        <shadowcolor>black</shadowcolor>
                                                        <selectedcolor>selected</selectedcolor>
                                                        <align>center</align>
                                                        <aligny>center</aligny>
                                                        <label>$INFO[ListItem.Label2]</label>
                                                        <visible>!Control.HasFocus(58051)</visible>
                                                </control>
                                                <control type="label">
                                                        <left>20</left>
                                                        <top>168</top>
                                                        <width>200</width>
                                                        <height>20</height>
                                                        <font>font12</font>
                                                        <textcolor>blue</textcolor>
                                                        <selectedcolor>selected</selectedcolor>
                                                        <align>center</align>
                                                        <aligny>center</aligny>
                                                        <label>$INFO[ListItem.Label2]</label>
                                                        <visible>Control.HasFocus(58051)</visible>
                                                </control>


                                                <control type="label" id="moviecomment">
                                                        <left>20</left>
                                                        <top>270</top>
                                                        <width>200</width>
                                                        <height>20</height>
                                                        <font>font12</font>
                                                        <textcolor>grey2</textcolor>
                                                        <shadowcolor>black</shadowcolor>
                                                        <selectedcolor>selected</selectedcolor>
                                                        <align>left</align>
                                                        <aligny>top</aligny>
                                                        <label>$INFO[ListItem.Season]x$INFO[ListItem.Episode] $INFO[ListItem.Label]</label>
                                                        <visible>!Control.HasFocus(58051)</visible>
                                                </control>
                                                <control type="label" id="moviecommentblue">
                                                        <left>20</left>
                                                        <top>270</top>
                                                        <width>200</width>
                                                        <height>20</height>
                                                        <font>font12</font>
                                                        <textcolor>blue</textcolor>
                                                        <shadowcolor>black</shadowcolor>
                                                        <selectedcolor>selected</selectedcolor>
                                                        <align>left</align>
                                                        <aligny>top</aligny>
                                                        <label>$INFO[ListItem.Season]x$INFO[ListItem.Episode] $INFO[ListItem.Label]</label>
                                                        <visible>Control.HasFocus(58051)</visible>
                                                </control>


                                                <control type="label" id="moviegenre">
                                                        <left>120</left>
                                                        <top>215</top>
                                                        <width>100</width>
                                                        <height>20</height>
                                                        <font>font10</font>
                                                        <textcolor>grey2</textcolor>
                                                        <shadowcolor>black</shadowcolor>
                                                        <selectedcolor>selected</selectedcolor>
                                                        <align>right</align>
                                                        <aligny>top</aligny>
                                                        <label>$INFO[ListItem.Property(channel)]</label>
                                                </control>

                                                <control type="label" id="extrainfos">
                                                        <left>20</left>
                                                        <top>245</top>
                                                        <width>200</width>
                                                        <height>20</height>
                                                        <font>font10</font>
                                                        <textcolor>grey2</textcolor>
                                                        <shadowcolor>black</shadowcolor>
                                                        <selectedcolor>selected</selectedcolor>
                                                        <align>center</align>
                                                        <aligny>top</aligny>
                                                        <label>$INFO[ListItem.Genre]</label>
                                                </control>

                                        </focusedlayout>
                                        <onclick>SetProperty(Widget.Senderlogo,$INFO[ListItem.Property(Senderlogo)],home)</onclick>
                                        <onclick>SetProperty(Widget.Datetime,$INFO[ListItem.Property(Datetime)],home)</onclick>
                                        <onclick>SetProperty(Widget.PVRID,$INFO[ListItem.Property(PVRID)],home)</onclick>
                                        <onclick>SetProperty(Widget.Plot,$ESCINFO[ListItem.Plot],home)</onclick>
                                        <onclick>SetProperty(Widget.Thumb,$INFO[ListItem.Thumb],home)</onclick>
                                        <onclick>SetProperty(Widget.Clearlogo,$INFO[ListItem.Art(clearlogo)],home)</onclick>
                                        <onclick>SetProperty(Widget.Label,$INFO[ListItem.Label],home)</onclick>
                                        <onclick>SetProperty(Widget.Label2,$INFO[ListItem.Label2],home)</onclick>
                                        <onclick>SetProperty(Widget.Season,$INFO[ListItem.Season],home)</onclick>
                                        <onclick>SetProperty(Widget.Episode,$INFO[ListItem.Episode],home)</onclick>
                                        <onclick>SetProperty(Widget.Genre,$INFO[ListItem.Genre],home)</onclick>
                                        <onclick>SetProperty(Widget.Rating,$INFO[ListItem.Rating],home)</onclick>
                                        <onclick>SetProperty(Widget.Channel,$INFO[ListItem.Property(channel)],home)</onclick>
                                        <onclick>SetProperty(Widget.Starttime,$INFO[ListItem.Property(Starttime)],home)</onclick>
                                        <onclick>SetProperty(Widget.Date,$INFO[ListItem.Property(date)],home)</onclick>
                                        <onclick>SetProperty(Widget.Runtime,$INFO[ListItem.Property(runtime)],home)</onclick>
                                        <onclick>ActivateWindow(1199)</onclick>
                                        <content>plugin://plugin.program.serienplaner/?methode=get_item_serienplaner&amp;reload=$INFO[Window(Home).Property(SerienPlaner.Countdown)]</content>
                                </control>
                                <control type="button">
                                        <description>left Arrow</description>
                                        <left>-40</left>
                                        <top>90</top>
                                        <width>30</width>
                                        <height>40</height>
                                        <texturefocus>arrow-big-left.png</texturefocus>
                                        <texturenofocus>arrow-big-left.png</texturenofocus>
                                        <onclick>Control.Move(58051,-1)</onclick>
                                        <visible>Control.HasFocus(58051) + Container(58051).HasPrevious</visible>
                                        <include>VisibleFadeEffect</include>
                                </control>
                                <control type="button">
                                        <description>right Arrow</description>
                                        <left>970</left>
                                        <top>90</top>
                                        <width>30</width>
                                        <height>40</height>
                                        <texturefocus>arrow-big-right.png</texturefocus>
                                        <texturenofocus>arrow-big-right.png</texturenofocus>
                                        <onclick>Control.Move(58051,1)</onclick>
                                        <visible>Control.HasFocus(58051) + Container(58051).HasNext</visible>
                                        <include>VisibleFadeEffect</include>
                                </control>
                        </control>
	</include>
</includes>

