<?xml version="1.0" encoding="UTF-8" standalone="yes"?>
<addon id="script.module.3to2" name="3to2" version="1.1.1" provider-name="Python software foundation">
	<requires>
		<import addon="xbmc.python" version="2.24.0"/>
	</requires>
	<extension point="xbmc.python.module" library="lib" />
	<extension point="xbmc.addon.metadata">
		<platform>all</platform>
		<language></language>
		<summary lang="en">Part of CPython 3.7.0</summary>
		<description lang="en">Part of Cpyton 3.7.0</description>
		<disclaimer lang="en">Part of Cpyton 3.7.0</disclaimer>
		<license>PYTHON SOFTWARE FOUNDATION LICENSE VERSION 2</license>
		<website>https://pypi.python.org/pypi/3to2</website>
		<source>https://pypi.python.org/pypi/3to2</source>
	</extension>
</addon>
