<?xml version="1.0" encoding="UTF-8" standalone="yes"?>
<addon id="script.module.past" name="past" version="0.16.0" provider-name="Ed Schofield">
	<requires>
		<import addon="xbmc.python" version="2.24.0"/>
	</requires>
	<extension point="xbmc.python.module" library="lib" />
	<extension point="xbmc.addon.metadata">
		<platform>all</platform>
		<language></language>
		<summary lang="en">Part of python-future</summary>
		<description lang="en">Part of python-future</description>
		<disclaimer lang="en">Part of python-future</disclaimer>
		<license>Check the LICENSE file for full details.</license>
		<website>http://python-future.org/</website>
		<source>https://github.com/PythonCharmers/python-future/tree/master/src/past</source>
	</extension>
</addon>
