<?xml version="1.0" encoding="UTF-8" standalone="yes"?>
<addon id="script.module.lib2to3" name="future" version="3.7.0" provider-name="Python software foundation">
	<requires>
		<import addon="xbmc.python" version="2.24.0"/>
	</requires>
	<extension point="xbmc.python.module" library="lib" />
	<extension point="xbmc.addon.metadata">
		<platform>all</platform>
		<language></language>
		<summary lang="en">Part of CPython 3.7.0</summary>
		<description lang="en">Part of Cpyton 3.7.0</description>
		<disclaimer lang="en">Part of Cpyton 3.7.0</disclaimer>
		<license>PYTHON SOFTWARE FOUNDATION LICENSE VERSION 2</license>
		<website>https://github.com/python/cpython/tree/master/Lib/lib2to3</website>
		<source>https://github.com/python/cpython/tree/master/Lib/lib2to3</source>
	</extension>
</addon>
