<?xml version="1.0" encoding="UTF-8" standalone="yes"?>
<addon id="plugin.video.laola1tv" version="2.0.1" name="Laola1 TV" provider-name="Jin">
    <requires>
        <import addon="xbmc.python" version="2.24.0"/>
        <import addon="script.module.pydes" version="2.0.1"/>
    </requires>
    <extension point="xbmc.python.pluginsource" library="addon.py">
        <provides>video</provides>
    </extension>
    <extension point="xbmc.addon.metadata">
        <summary lang="de_DE">LAOLA1.tv - Das Sport-TV im Netz</summary>
        <summary lang="en_GB">LAOLA1.tv - the online sports TV</summary>
        <description lang="de_DE">Online-Videos und Video-LIVE-Streams aus der Welt des Sports.</description>
        <description lang="en_GB">Highlight-clips and video-LIVE-streams from the world of sports.</description>
        <platform>all</platform>
        <license>GNU GENERAL PUBLIC LICENSE. Version 2, June 1991</license>
        <disclaimer lang="de_DE">Inoffizielles Addon - Benutzung auf eigene Gefahr</disclaimer>
        <disclaimer lang="en_GB">Unofficial Addon - Use at your own risk</disclaimer>
        <news>
v2.0.1
- fix login
v2.0.0
- Security update (requires script.module.pydes)
        </news>
  </extension>
</addon>
