<?xml version="1.0" encoding="UTF-8" standalone="yes"?>
<addon id="plugin.video.wiesn" name="Oktoberfest" version="0.2.3" provider-name="L0RE">
    <extension point="xbmc.python.pluginsource" library="default.py">
        <provides>video</provides>
    </extension>
  <extension point="xbmc.addon.metadata">
    <summary lang="en">Livestreams from the Oktoberfest</summary>
    <summary lang="de">Livestreams vom Oktoberfest</summary>
    <description lang="en">Livestreams from the Oktoberfest</description>
    <description lang="de">Livestreams from the Oktoberfest</description>
    <website></website>
    <email>andreas at vogler dot name</email>
    <platform>all</platform>
  </extension>
</addon>
