<?xml version="1.0" encoding="UTF-8" standalone="yes"?>
<addon id="plugin.video.xbl" name="Xbox Live" version="0.0.2" provider-name="SLiX">
	<requires>
		<import addon="xbmc.python" version="2.14.0"/>
		<import addon="script.module.requests" version="2.9.1"/>
	</requires>
	<extension point="xbmc.python.pluginsource" library="addon.py">
		<provides>image video</provides>
	</extension>
	<extension point="xbmc.addon.metadata">
		<language/>
		<summary lang="en">Xbox Live</summary>
		<description lang="en">Xbox Live Addon BETA</description>
		<summary lang="de">Xbox Live</summary>
		<description lang="de">Xbox Live Addon BETA</description>
		<platform>all</platform>
		<license>GNU General Public License v3</license>
		<forum></forum>
		<source></source>
		<email></email>
	</extension>
</addon>
