<?xml version="1.0" encoding="UTF-8" standalone="yes"?>
<addon id="service.rsspopup" name="Rss Popus" version="0.3.8" provider-name="L0RE">
    <requires>
        <import addon="xbmc.python" version="2.24.0"/>			       
	    <import addon="script.module.feedparser" version="5.1.3"/>
        <import addon="script.module.dateutil" version="2.5.3"/>
		<import addon="service.popwindow" version="0.2.6"/>	
    </requires>
    <extension point="xbmc.service" library="service.py" start="login" />
	
	<extension point="xbmc.python.pluginsource" library="service.py" >
	    <provides>executable</provides>
    </extension>
    <extension point="xbmc.addon.metadata">
    <description lang="en">Shows RSS Feed in Overlay Message, Now you can Watch your Favorite TV show, and get a Message when something is Posted in your favorit Forum(when rss is avaible), or somthing happens in the world (You favorite RSS Newsfeed) </description>
    <description lang="de">Zeigt Rss Updates in Pupup Nachrichten an. Entlich kann man Fenssehen und bleibt auf dem Laufenden was im lieblings Forum oder in den Nachrichten Passiert (Solange sie ein RSS Feed Haben)</description>
    <summary lang="en">Shows RSS Feed in Overlay Message</summary>
    <summary lang="de">Zeigt Rss Updates in Pupup Nachricht</summary>
    <website></website>
    <source>https://github.com/kodinerds/repo/tree/master/service.rsspopup/</source>
    <forum>http://www.kodinerds.net/</forum>
    <email>andreas at vogler dot name</email>
    <platform>all</platform>
  </extension>
</addon>
